term	total	pages
Агни Йога	0	
Блаватская	0	
Бовис	0	
ДНК	5	9,10,49,51
МУЭС	15	2,23,24
Рерих	0	
СКО	13	2,11,26,27,47,140,147,173,188
Сочеванов	0	
Фолль	21	7,82,83,85,95,102,109,111,139,214,215,216,217,218,219,294,313
ЦБК/ПБК	73	2,8,9,10,20,41,42,49,53,125,126,132,133,136,138,147,148,214,215,216,217,218,219
ангстрем	0	
ауральные сущности	7	9,15,16,20,62,202
биокомпьютер	25	4,8,10,15,43,46,50,54,64,66,68,69,78,80,81,107
биолокация	8	4,6,7,17,25
вибрационный ряд	210	2,3,9,12,13,14,15,16,17,18,19,20,21,22,23,24,25,26,27,28,29,30,31,32,33,37,38,39,40,41,42,43,44,45,46,47,48,49,50,51,54,61,62,64,66,129,130,176,177,178,179,180,181,182,183,184,185,186,187,188,189,190
вибрация	236	2,3,5,7,9,12,13,14,15,16,17,18,19,20,21,22,23,24,25,26,27,28,29,30,31,32,33,37,38,39,40,41,42,43,44,45,46,47,48,49,50,51,52,53,54,61,62,64,66,67,129,130,142,149,150,176,177,178,179,180,181,182,183,184,185,186,187,188,189,190,211
волна	71	2,9,10,11,16,17,18,20,23,24,25,26,28,29,30,31,32,38,42,44,45,46,47,52,53,54,55,61,115,155,156,166
волновая генетика	1	9
грех	28	10,24,26,45,46,47,50,52,53,54,193
двойник	39	2,5,10,22,25,26,38,39,40,49,50,51,66,133,138
диаграмма	146	1,3,4,11,13,14,15,16,17,18,19,22,25,30,33,45,46,49,51,52,54,55,56,57,61,64,66,67,135,136,138,139,140,141,142,143,144,145,146,147,148,149,150,152,153,154,155,156,157,158,159,160,161,162,163,164,165,167,168,169,170,171,172,173,174,176,177,178,179,180,181,182,183,184,185,186,187,188,190,191,192,193,194,195,196,197,198,199,200,201,202,203,204,205,206,207,208,209,210,211,212,271,272,323
длина волны	13	2,11,25,26,28,29,30,52,166
заряд	4	14,15
излучение	137	11,12,22,24,25,26,27,28,29,30,31,32,37,38,39,41,42,44,45,46,47,48,49,52,61,67,129,130,143,147,151,155,156,175
инграмма	33	2,4,5,9,10,11,19,20,25,26,125,144,147,149,192,195,203
карма	48	2,4,5,10,16,26,51,52,53,54,147,149,193,197
квант	0	
лямбда	62	11,12,23,24,25,28,29,30,41,44,45,47,48,52,53,151,152,153,154,157,158,159,160,161,162,163,164,165,166,167
маятник	50	13,14,15,16,18,19,24,25,26,32,37,51,55,56,57,58,60,61,64,66,81,125
меридиан	44	6,7,20,38,62,205,279,280,313,323,339,340,341,342,343
молитва	40	3,12,18,24,25,26,27,28,30,42,44,45,46,47,48,49,129,130
мыслеобраз	0	
одержатель	5	16,18,20,62
подсознание	89	4,5,9,11,12,13,14,15,16,17,18,19,20,21,23,24,25,26,27,28,29,30,37,38,41,42,43,44,46,48,49,51,52,54,61,64,66,67,68,80,81,121,125
порча	1	4
праалфавит	14	3,64,65,66,355,356,357,358,359
проклятие	19	2,4,37,46,47,147,197
психическая энергия	0	
радионика	0	
радиэстезия	34	2,4,5,8,10,14,15,17,32,44,54,55,57,58,59,60,64,67,80,109,272
резонанс	12	16,17,18,23,24,28,38,53,54,61
сглаз	1	4
символ	71	1,3,4,6,13,14,18,64,65,66,67,177,178,179,180,181,182,185,187,317
солитон	9	9,17,52,53
сущности	26	2,7,9,15,16,18,20,27,28,62,65,202,205
терафим	0	
тонкие тела	35	5,6,7,10,24,27,38,45,53,81,83,84,85,93,98,100,102,119,133,134,139,215,216,219,313
торсион	0	
фантом	19	5,9,10,13,15,49,51
христианский	42	3,12,24,25,26,27,28,30,42,44,45,46,47,48,67,129,130
чакра	95	2,6,7,24,27,28,49,53,81,82,83,84,85,93,94,98,100,101,102,119,211,214,215,218,219,313,314,315,316,317,318,319,320,321,344,345,347
частота	16	55,56,57,58,59
числовой код	45	2,11,12,20,23,24,25,26,27,29,31,41,42,44,45,46,47,48,50,52,53,271
эгрегор	7	53,132,133,138,139,207
