section	root	content_paraphrase	note
ВВЕДЕНИЕ	организм	перечисление сред изучения солитонов: кристаллы, магнитные материалы, сверхпроводники, живые организмы, атмосферы планет, галактики	единственная опора для «солитоны бывают в живом»
ЧАСТЬ 1 ИСТОРИЯ СОЛИТОНА	биолог	биология в списке областей с тысячами работ о солитонах ежегодно	подтверждает серьёзность темы
Отступление в историю. Семья Бернулли и волны	мигр	«эмигрировала» — переезд семьи Бернулли из Антверпена, XVI в.	ложное срабатывание корня
Эффект Джозефсона	мигр	«эмигрировали» — физики уехали из Германии в Англию при нацистах	ложное срабатывание корня
Герман Гельмгольц и нервный импульс	организм	Дюбуа-Реймон, «Исследования по животному электричеству», 1848: в живых организмах вырабатывается электричество, нервное возбуждение = передача электрических сигналов	электрохимическая линия
Герман Гельмгольц и нервный импульс	клетк	диссертация Гельмгольца 1842 о нервной системе беспозвоночных: клетки и волокна известны, связь неясна	историческое
Герман Гельмгольц и нервный импульс	клетк	Гельмгольц одним из первых понял: клетки и волокна соединены в нейрон	историческое
Нервный импульс — «элементарная частица» мысли	биолог/организм	Колмогоров, Петровский, Пискунов 1937, нелинейная диффузия: бегущая уединённая волна = простейшая модель нервного импульса	имя-регалия работает на электрохимию
Нервный импульс — «элементарная частица» мысли	Давыдов	сноска: солитонная модель механизма СОКРАЩЕНИЯ МЫШЦ, предложена А. С. Давыдовым с сотрудниками	единственное упоминание; про мышцы, не ДНК
